Track name, Artist name, Album, Playlist name, Type
EL MUNDO ES MÍO,Bad Bunny,EL ÚLTIMO TOUR DEL MUNDO,Top Albums,Playlist track
TE MUDASTE,Bad Bunny,EL ÚLTIMO TOUR DEL MUNDO,Top Albums,Playlist track
HOY COBRÉ,Bad Bunny,EL ÚLTIMO TOUR DEL MUNDO,Top Albums,Playlist track
MALDITA POBREZA,Bad Bunny,EL ÚLTIMO TOUR DEL MUNDO,Top Albums,Playlist track
LA NOCHE DE ANOCHE,Bad Bunny & ROSALÍA,EL ÚLTIMO TOUR DEL MUNDO,Top Albums,Playlist track
TE DESEO LO MEJOR,Bad Bunny,EL ÚLTIMO TOUR DEL MUNDO,Top Albums,Playlist track
YO VISTO ASÍ,Bad Bunny,EL ÚLTIMO TOUR DEL MUNDO,Top Albums,Playlist track
HACIENDO QUE ME AMAS,Bad Bunny,EL ÚLTIMO TOUR DEL MUNDO,Top Albums,Playlist track
BOOKER T,Bad Bunny,EL ÚLTIMO TOUR DEL MUNDO,Top Albums,Playlist track
LA DROGA,Bad Bunny,EL ÚLTIMO TOUR DEL MUNDO,Top Albums,Playlist track
DÁKITI,Bad Bunny & Jhay Cortez,EL ÚLTIMO TOUR DEL MUNDO,Top Albums,Playlist track
TRELLAS,Bad Bunny,EL ÚLTIMO TOUR DEL MUNDO,Top Albums,Playlist track
SORRY PAPI,Bad Bunny & ABRA,EL ÚLTIMO TOUR DEL MUNDO,Top Albums,Playlist track
120,Bad Bunny,EL ÚLTIMO TOUR DEL MUNDO,Top Albums,Playlist track
ANTES QUE SE ACABE,Bad Bunny,EL ÚLTIMO TOUR DEL MUNDO,Top Albums,Playlist track
CANTARES DE NAVIDAD,Trio Vegabajeño,EL ÚLTIMO TOUR DEL MUNDO,Top Albums,Playlist track
shut up,Ariana Grande,Positions,Top Albums,Playlist track
34+35,Ariana Grande,Positions,Top Albums,Playlist track
motive,Ariana Grande & Doja Cat,Positions,Top Albums,Playlist track
just like magic,Ariana Grande,Positions,Top Albums,Playlist track
off the table,Ariana Grande & The Weeknd,Positions,Top Albums,Playlist track
six thirty,Ariana Grande,Positions,Top Albums,Playlist track
safety net (feat. Ty Dolla $ign),Ariana Grande,Positions,Top Albums,Playlist track
my hair,Ariana Grande,Positions,Top Albums,Playlist track
nasty,Ariana Grande,Positions,Top Albums,Playlist track
west side,Ariana Grande,Positions,Top Albums,Playlist track
love language,Ariana Grande,Positions,Top Albums,Playlist track
positions,Ariana Grande,Positions,Top Albums,Playlist track
obvious,Ariana Grande,Positions,Top Albums,Playlist track
pov,Ariana Grande,Positions,Top Albums,Playlist track
Tragedy (feat. Bigga Rankin),YFN Lucci,Wish Me Well 3,Top Albums,Playlist track
Hate's Real (feat. Boosie Badazz),YFN Lucci,Wish Me Well 3,Top Albums,Playlist track
Man Down,YFN Lucci,Wish Me Well 3,Top Albums,Playlist track
Wish Me Well 3 Coming,YFN Lucci,Wish Me Well 3,Top Albums,Playlist track
Both of Us (feat. Rick Ross & Layton Greene),YFN Lucci,Wish Me Well 3,Top Albums,Playlist track
Part 2,YFN Lucci,Wish Me Well 3,Top Albums,Playlist track
On Camera (feat. Bop Menaxe),YFN Lucci,Wish Me Well 3,Top Albums,Playlist track
"Dope Game (feat. Bigga Rankin, Jeezy & Yo Gotti)",YFN Lucci,Wish Me Well 3,Top Albums,Playlist track
Back & Forth (feat. JayDaYoungan),YFN Lucci,Wish Me Well 3,Top Albums,Playlist track
No Love (Interlude),YFN Lucci,Wish Me Well 3,Top Albums,Playlist track
September 7th,YFN Lucci,Wish Me Well 3,Top Albums,Playlist track
Rolled On (feat. Mozzy),YFN Lucci,Wish Me Well 3,Top Albums,Playlist track
F**k It (feat. Jackboy),YFN Lucci,Wish Me Well 3,Top Albums,Playlist track
Wet (She Got That…),YFN Lucci,Wish Me Well 3,Top Albums,Playlist track
Change (feat. Yungeen Ace),YFN Lucci,Wish Me Well 3,Top Albums,Playlist track
6 Years Later (Interlude),YFN Lucci,Wish Me Well 3,Top Albums,Playlist track
Money to Get,YFN Lucci,Wish Me Well 3,Top Albums,Playlist track
Legendary (feat. Young Fly Liberty),YFN Lucci,Wish Me Well 3,Top Albums,Playlist track
Lucci 1Da (Interlude),YFN Lucci,Wish Me Well 3,Top Albums,Playlist track
Love Me or Hate Me,YFN Lucci,Wish Me Well 3,Top Albums,Playlist track
Wet (feat. Mulatto) [Remix],YFN Lucci,Wish Me Well 3,Top Albums,Playlist track
Shots Fired,Megan Thee Stallion,Good News,Top Albums,Playlist track
Circles,Megan Thee Stallion,Good News,Top Albums,Playlist track
Cry Baby (feat. DaBaby),Megan Thee Stallion,Good News,Top Albums,Playlist track
Do It on the Tip (feat. City Girls & Hot Girl Meg),Megan Thee Stallion,Good News,Top Albums,Playlist track
Sugar Baby,Megan Thee Stallion,Good News,Top Albums,Playlist track
Movie (feat. Lil Durk),Megan Thee Stallion,Good News,Top Albums,Playlist track
Freaky Girls (feat. SZA),Megan Thee Stallion,Good News,Top Albums,Playlist track
Body,Megan Thee Stallion,Good News,Top Albums,Playlist track
What's New,Megan Thee Stallion,Good News,Top Albums,Playlist track
Work That,Megan Thee Stallion,Good News,Top Albums,Playlist track
Intercourse (feat. Popcaan & Mustard),Megan Thee Stallion,Good News,Top Albums,Playlist track
Go Crazy (feat. Big Sean & 2 Chainz),Megan Thee Stallion,Good News,Top Albums,Playlist track
Don't Rock Me to Sleep,Megan Thee Stallion,Good News,Top Albums,Playlist track
Outside,Megan Thee Stallion,Good News,Top Albums,Playlist track
Savage Remix (feat. Beyoncé),Megan Thee Stallion,Good News,Top Albums,Playlist track
Girls in the Hood,Megan Thee Stallion,Good News,Top Albums,Playlist track
Don't Stop (feat. Young Thug),Megan Thee Stallion,Good News,Top Albums,Playlist track
Whitey Bulger,YoungBoy Never Broke Again,Until I Return,Top Albums,Playlist track
Around,YoungBoy Never Broke Again,Until I Return,Top Albums,Playlist track
Chopper City,YoungBoy Never Broke Again,Until I Return,Top Albums,Playlist track
Toxic,YoungBoy Never Broke Again,Until I Return,Top Albums,Playlist track
Casket Fresh,YoungBoy Never Broke Again,Until I Return,Top Albums,Playlist track
Mask On,YoungBoy Never Broke Again,Until I Return,Top Albums,Playlist track
Funds,YoungBoy Never Broke Again,Until I Return,Top Albums,Playlist track
I Expect You,YoungBoy Never Broke Again,Until I Return,Top Albums,Playlist track
Off 1Tenth,YoungBoy Never Broke Again,Until I Return,Top Albums,Playlist track
Thrasher,YoungBoy Never Broke Again,Until I Return,Top Albums,Playlist track
Walking Dead,YoungBoy Never Broke Again,Until I Return,Top Albums,Playlist track
3am,YoungBoy Never Broke Again,Until I Return,Top Albums,Playlist track
Emotional Torn,YoungBoy Never Broke Again,Until I Return,Top Albums,Playlist track
Doomed,YoungBoy Never Broke Again,Until I Return,Top Albums,Playlist track
Top Say,YoungBoy Never Broke Again,Until I Return,Top Albums,Playlist track
PIKACHU,The Kid LAROI,F*CK LOVE (SAVAGE),Top Albums,Playlist track
SO DONE,The Kid LAROI,F*CK LOVE (SAVAGE),Top Albums,Playlist track
TRAGIC (feat. YoungBoy Never Broke Again & Internet Money),The Kid LAROI,F*CK LOVE (SAVAGE),Top Albums,Playlist track
ALWAYS DO,The Kid LAROI,F*CK LOVE (SAVAGE),Top Albums,Playlist track
FEEL SOMETHING,The Kid LAROI & Marshmello,F*CK LOVE (SAVAGE),Top Albums,Playlist track
"F*CK YOU, GOODBYE (feat. Machine Gun Kelly)",The Kid LAROI,F*CK LOVE (SAVAGE),Top Albums,Playlist track
WITHOUT YOU,The Kid LAROI,F*CK LOVE (SAVAGE),Top Albums,Playlist track
BOOTY CALL (skit),The Kid LAROI,F*CK LOVE (SAVAGE),Top Albums,Playlist track
MAYBE,The Kid LAROI,F*CK LOVE (SAVAGE),Top Albums,Playlist track
WRONG (feat. Lil Mosey),The Kid LAROI,F*CK LOVE (SAVAGE),Top Albums,Playlist track
I WISH,The Kid LAROI,F*CK LOVE (SAVAGE),Top Albums,Playlist track
NOT FAIR (feat. Corbin),The Kid LAROI,F*CK LOVE (SAVAGE),Top Albums,Playlist track
BATHROOM (skit),The Kid LAROI,F*CK LOVE (SAVAGE),Top Albums,Playlist track
GO,The Kid LAROI & Juice WRLD,F*CK LOVE (SAVAGE),Top Albums,Playlist track
TELL ME WHY,The Kid LAROI,F*CK LOVE (SAVAGE),Top Albums,Playlist track
SAME THING,The Kid LAROI,F*CK LOVE (SAVAGE),Top Albums,Playlist track
NEW GUY (skit),The Kid LAROI,F*CK LOVE (SAVAGE),Top Albums,Playlist track
ERASE U,The Kid LAROI,F*CK LOVE (SAVAGE),Top Albums,Playlist track
RUNNING,The Kid LAROI,F*CK LOVE (SAVAGE),Top Albums,Playlist track
WISH YOU WELL (skit),The Kid LAROI,F*CK LOVE (SAVAGE),Top Albums,Playlist track
NEED YOU MOST (So Sick),The Kid LAROI,F*CK LOVE (SAVAGE),Top Albums,Playlist track
SELFISH,The Kid LAROI,F*CK LOVE (SAVAGE),Top Albums,Playlist track
G.I.H.F.,Rylo Rodriguez,G.I.H.F.,Top Albums,Playlist track
Dreaming,Rylo Rodriguez,G.I.H.F.,Top Albums,Playlist track
Hear This,Rylo Rodriguez,G.I.H.F.,Top Albums,Playlist track
Mutual (feat. Moneybagg Yo),Rylo Rodriguez,G.I.H.F.,Top Albums,Playlist track
Real,Rylo Rodriguez,G.I.H.F.,Top Albums,Playlist track
Walk (feat. Lil Baby & 42 Dugg),Rylo Rodriguez,G.I.H.F.,Top Albums,Playlist track
Home Run,Rylo Rodriguez,G.I.H.F.,Top Albums,Playlist track
SRT,Rylo Rodriguez,G.I.H.F.,Top Albums,Playlist track
Love Is Blind,Rylo Rodriguez,G.I.H.F.,Top Albums,Playlist track
Pony Tail,Rylo Rodriguez,G.I.H.F.,Top Albums,Playlist track
Body For Body,Rylo Rodriguez,G.I.H.F.,Top Albums,Playlist track
Don't Miss (feat. Jackboy),Rylo Rodriguez,G.I.H.F.,Top Albums,Playlist track
Switched Up,Rylo Rodriguez,G.I.H.F.,Top Albums,Playlist track
Confession In Darkness,Rylo Rodriguez,G.I.H.F.,Top Albums,Playlist track
We Could Never Die,Rylo Rodriguez,G.I.H.F.,Top Albums,Playlist track
For Me (feat. Yo Gotti),Rylo Rodriguez,G.I.H.F.,Top Albums,Playlist track
Outro,Rylo Rodriguez,G.I.H.F.,Top Albums,Playlist track
Armed & Dangerous,King Von,Welcome to O'Block,Top Albums,Playlist track
GTA,King Von,Welcome to O'Block,Top Albums,Playlist track
Demon,King Von,Welcome to O'Block,Top Albums,Playlist track
Mine Too,King Von,Welcome to O'Block,Top Albums,Playlist track
The Code (feat. Polo G),King Von,Welcome to O'Block,Top Albums,Playlist track
Why He Told,King Von,Welcome to O'Block,Top Albums,Playlist track
Back Again (feat. Lil Durk),King Von & Prince Dre,Welcome to O'Block,Top Albums,Playlist track
Gleesh Place,King Von,Welcome to O'Block,Top Albums,Playlist track
All These N****s (feat. Lil Durk),King Von,Welcome to O'Block,Top Albums,Playlist track
Can't Relate,King Von,Welcome to O'Block,Top Albums,Playlist track
Mad At You (feat. Dreezy),King Von,Welcome to O'Block,Top Albums,Playlist track
Ain't See It Coming (feat. Moneybagg Yo),King Von,Welcome to O'Block,Top Albums,Playlist track
I Am What I Am (feat. Fivio Foreign),King Von,Welcome to O'Block,Top Albums,Playlist track
Ride,King Von,Welcome to O'Block,Top Albums,Playlist track
How it Go,King Von,Welcome to O'Block,Top Albums,Playlist track
Wayne's Story,King Von,Welcome to O'Block,Top Albums,Playlist track
Middle of It (feat. Vory),Meek Mill,QUARANTINE PACK - EP,Top Albums,Playlist track
Pain Away (feat. Lil Durk),Meek Mill,QUARANTINE PACK - EP,Top Albums,Playlist track
GTA (feat. 42 Dugg),Meek Mill,QUARANTINE PACK - EP,Top Albums,Playlist track
Think It's a Game (feat. Vory),Meek Mill,QUARANTINE PACK - EP,Top Albums,Playlist track
Sand in My Boots,Morgan Wallen,Dangerous: The Double Album,Top Albums,Playlist track
Wasted on You,Morgan Wallen,Dangerous: The Double Album,Top Albums,Playlist track
Somebody's Problem,Morgan Wallen,Dangerous: The Double Album,Top Albums,Playlist track
More Surprised Than Me,Morgan Wallen,Dangerous: The Double Album,Top Albums,Playlist track
865,Morgan Wallen,Dangerous: The Double Album,Top Albums,Playlist track
Warning,Morgan Wallen,Dangerous: The Double Album,Top Albums,Playlist track
Neon Eyes,Morgan Wallen,Dangerous: The Double Album,Top Albums,Playlist track
Outlaw (feat. Ben Burgess),Morgan Wallen,Dangerous: The Double Album,Top Albums,Playlist track
Whiskey'd My Way,Morgan Wallen,Dangerous: The Double Album,Top Albums,Playlist track
Wonderin' Bout the Wind,Morgan Wallen,Dangerous: The Double Album,Top Albums,Playlist track
Your Bartender,Morgan Wallen,Dangerous: The Double Album,Top Albums,Playlist track
Only Thing That's Gone (feat. Chris Stapleton),Morgan Wallen,Dangerous: The Double Album,Top Albums,Playlist track
Cover Me Up,Morgan Wallen,Dangerous: The Double Album,Top Albums,Playlist track
7 Summers,Morgan Wallen,Dangerous: The Double Album,Top Albums,Playlist track
More Than My Hometown,Morgan Wallen,Dangerous: The Double Album,Top Albums,Playlist track
Still Goin Down,Morgan Wallen,Dangerous: The Double Album,Top Albums,Playlist track
"Rednecks, Red Letters, Red Dirt",Morgan Wallen,Dangerous: The Double Album,Top Albums,Playlist track
Dangerous,Morgan Wallen,Dangerous: The Double Album,Top Albums,Playlist track
Beer Don't,Morgan Wallen,Dangerous: The Double Album,Top Albums,Playlist track
Blame It on Me,Morgan Wallen,Dangerous: The Double Album,Top Albums,Playlist track
Somethin' Country,Morgan Wallen,Dangerous: The Double Album,Top Albums,Playlist track
This Bar,Morgan Wallen,Dangerous: The Double Album,Top Albums,Playlist track
Country A$$ Shit,Morgan Wallen,Dangerous: The Double Album,Top Albums,Playlist track
Whatcha Think of Country Now,Morgan Wallen,Dangerous: The Double Album,Top Albums,Playlist track
Me on Whiskey,Morgan Wallen,Dangerous: The Double Album,Top Albums,Playlist track
Need a Boat,Morgan Wallen,Dangerous: The Double Album,Top Albums,Playlist track
Silverado for Sale,Morgan Wallen,Dangerous: The Double Album,Top Albums,Playlist track
Heartless (Wallen Album Mix),Morgan Wallen,Dangerous: The Double Album,Top Albums,Playlist track
Livin' the Dream,Morgan Wallen,Dangerous: The Double Album,Top Albums,Playlist track
Quittin' Time,Morgan Wallen,Dangerous: The Double Album,Top Albums,Playlist track
Intro,21 Savage & Metro Boomin,SAVAGE MODE II,Top Albums,Playlist track
Runnin,21 Savage & Metro Boomin,SAVAGE MODE II,Top Albums,Playlist track
Glock in My Lap,21 Savage & Metro Boomin,SAVAGE MODE II,Top Albums,Playlist track
Mr. Right Now (feat. Drake),21 Savage & Metro Boomin,SAVAGE MODE II,Top Albums,Playlist track
Rich N***a Shit (feat. Young Thug),21 Savage & Metro Boomin,SAVAGE MODE II,Top Albums,Playlist track
Slidin,21 Savage & Metro Boomin,SAVAGE MODE II,Top Albums,Playlist track
Many Men,21 Savage & Metro Boomin,SAVAGE MODE II,Top Albums,Playlist track
Snitches & Rats (Interlude),21 Savage & Metro Boomin,SAVAGE MODE II,Top Albums,Playlist track
Snitches & Rats (feat. Young Nudy),21 Savage & Metro Boomin,SAVAGE MODE II,Top Albums,Playlist track
My Dawg,21 Savage & Metro Boomin,SAVAGE MODE II,Top Albums,Playlist track
Steppin on N****s,21 Savage & Metro Boomin,SAVAGE MODE II,Top Albums,Playlist track
Brand New Draco,21 Savage & Metro Boomin,SAVAGE MODE II,Top Albums,Playlist track
No Opp Left Behind,21 Savage & Metro Boomin,SAVAGE MODE II,Top Albums,Playlist track
RIP Luv,21 Savage & Metro Boomin,SAVAGE MODE II,Top Albums,Playlist track
Said N Done,21 Savage & Metro Boomin,SAVAGE MODE II,Top Albums,Playlist track
WTF Do I Know,Miley Cyrus,Plastic Hearts,Top Albums,Playlist track
Plastic Hearts,Miley Cyrus,Plastic Hearts,Top Albums,Playlist track
Angels Like You,Miley Cyrus,Plastic Hearts,Top Albums,Playlist track
Prisoner (feat. Dua Lipa),Miley Cyrus,Plastic Hearts,Top Albums,Playlist track
Gimme What I Want,Miley Cyrus,Plastic Hearts,Top Albums,Playlist track
Night Crawling (feat. Billy Idol),Miley Cyrus,Plastic Hearts,Top Albums,Playlist track
Midnight Sky,Miley Cyrus,Plastic Hearts,Top Albums,Playlist track
High,Miley Cyrus,Plastic Hearts,Top Albums,Playlist track
Hate Me,Miley Cyrus,Plastic Hearts,Top Albums,Playlist track
Bad Karma (feat. Joan Jett),Miley Cyrus,Plastic Hearts,Top Albums,Playlist track
Never Be Me,Miley Cyrus,Plastic Hearts,Top Albums,Playlist track
Golden G String,Miley Cyrus,Plastic Hearts,Top Albums,Playlist track
Edge of Midnight (Midnight Sky Remix) [feat. Stevie Nicks],Miley Cyrus,Plastic Hearts,Top Albums,Playlist track
Heart Of Glass (Live from the iHeart Festival),Miley Cyrus,Plastic Hearts,Top Albums,Playlist track
Zombie (Live from the NIVA Save Our Stages Festival),Miley Cyrus,Plastic Hearts,Top Albums,Playlist track
Intro,Shawn Mendes,Wonder,Top Albums,Playlist track
Wonder,Shawn Mendes,Wonder,Top Albums,Playlist track
Higher,Shawn Mendes,Wonder,Top Albums,Playlist track
24 Hours,Shawn Mendes,Wonder,Top Albums,Playlist track
Teach Me How To Love,Shawn Mendes,Wonder,Top Albums,Playlist track
Call My Friends,Shawn Mendes,Wonder,Top Albums,Playlist track
Dream,Shawn Mendes,Wonder,Top Albums,Playlist track
Song For No One,Shawn Mendes,Wonder,Top Albums,Playlist track
Monster,Shawn Mendes & Justin Bieber,Wonder,Top Albums,Playlist track
305,Shawn Mendes,Wonder,Top Albums,Playlist track
Always Been You,Shawn Mendes,Wonder,Top Albums,Playlist track
Piece Of You,Shawn Mendes,Wonder,Top Albums,Playlist track
Look Up At The Stars,Shawn Mendes,Wonder,Top Albums,Playlist track
Can't Imagine,Shawn Mendes,Wonder,Top Albums,Playlist track
Stripes Like Burberry,Future & Lil Uzi Vert,Pluto x Baby Pluto,Top Albums,Playlist track
Marni on Me,Future & Lil Uzi Vert,Pluto x Baby Pluto,Top Albums,Playlist track
Sleeping on the Floor,Future & Lil Uzi Vert,Pluto x Baby Pluto,Top Albums,Playlist track
Real Baby Pluto,Future & Lil Uzi Vert,Pluto x Baby Pluto,Top Albums,Playlist track
Drankin N Smokin,Future & Lil Uzi Vert,Pluto x Baby Pluto,Top Albums,Playlist track
Million Dollar Play,Future & Lil Uzi Vert,Pluto x Baby Pluto,Top Albums,Playlist track
Plastic,Future & Lil Uzi Vert,Pluto x Baby Pluto,Top Albums,Playlist track
That's It,Future & Lil Uzi Vert,Pluto x Baby Pluto,Top Albums,Playlist track
Bought a Bad Bitch,Future & Lil Uzi Vert,Pluto x Baby Pluto,Top Albums,Playlist track
Rockstar Chainz,Future,Pluto x Baby Pluto,Top Albums,Playlist track
Lullaby,Lil Uzi Vert,Pluto x Baby Pluto,Top Albums,Playlist track
She Never Been to Pluto,Future & Lil Uzi Vert,Pluto x Baby Pluto,Top Albums,Playlist track
Off Dat,Future & Lil Uzi Vert,Pluto x Baby Pluto,Top Albums,Playlist track
I Don't Wanna Break Up,Future & Lil Uzi Vert,Pluto x Baby Pluto,Top Albums,Playlist track
Bankroll,Future & Lil Uzi Vert,Pluto x Baby Pluto,Top Albums,Playlist track
Moment of Clarity,Future & Lil Uzi Vert,Pluto x Baby Pluto,Top Albums,Playlist track
Tic Tac,Future & Lil Uzi Vert,Pluto x Baby Pluto (Deluxe),Top Albums,Playlist track
My Legacy,Future & Lil Uzi Vert,Pluto x Baby Pluto (Deluxe),Top Albums,Playlist track
Heart in Pieces,Future & Lil Uzi Vert,Pluto x Baby Pluto (Deluxe),Top Albums,Playlist track
Because of You,Future & Lil Uzi Vert,Pluto x Baby Pluto (Deluxe),Top Albums,Playlist track
Bust a Move,Future & Lil Uzi Vert,Pluto x Baby Pluto (Deluxe),Top Albums,Playlist track
Baby Sasuke,Future & Lil Uzi Vert,Pluto x Baby Pluto (Deluxe),Top Albums,Playlist track
Stripes Like Burberry,Future & Lil Uzi Vert,Pluto x Baby Pluto (Deluxe),Top Albums,Playlist track
Marni on Me,Future & Lil Uzi Vert,Pluto x Baby Pluto (Deluxe),Top Albums,Playlist track
Sleeping on the Floor,Future & Lil Uzi Vert,Pluto x Baby Pluto (Deluxe),Top Albums,Playlist track
Real Baby Pluto,Future & Lil Uzi Vert,Pluto x Baby Pluto (Deluxe),Top Albums,Playlist track
Drankin N Smokin,Future & Lil Uzi Vert,Pluto x Baby Pluto (Deluxe),Top Albums,Playlist track
Million Dollar Play,Future & Lil Uzi Vert,Pluto x Baby Pluto (Deluxe),Top Albums,Playlist track
Plastic,Future & Lil Uzi Vert,Pluto x Baby Pluto (Deluxe),Top Albums,Playlist track
That's It,Future & Lil Uzi Vert,Pluto x Baby Pluto (Deluxe),Top Albums,Playlist track
Bought a Bad Bitch,Future & Lil Uzi Vert,Pluto x Baby Pluto (Deluxe),Top Albums,Playlist track
Rockstar Chainz,Future,Pluto x Baby Pluto (Deluxe),Top Albums,Playlist track
Lullaby,Lil Uzi Vert,Pluto x Baby Pluto (Deluxe),Top Albums,Playlist track
She Never Been to Pluto,Future & Lil Uzi Vert,Pluto x Baby Pluto (Deluxe),Top Albums,Playlist track
Off Dat,Future & Lil Uzi Vert,Pluto x Baby Pluto (Deluxe),Top Albums,Playlist track
I Don't Wanna Break Up,Future & Lil Uzi Vert,Pluto x Baby Pluto (Deluxe),Top Albums,Playlist track
Bankroll,Future & Lil Uzi Vert,Pluto x Baby Pluto (Deluxe),Top Albums,Playlist track
Moment of Clarity,Future & Lil Uzi Vert,Pluto x Baby Pluto (Deluxe),Top Albums,Playlist track
Patek,Future & Lil Uzi Vert,Pluto x Baby Pluto (Deluxe),Top Albums,Playlist track
Over Your Head,Future & Lil Uzi Vert,Pluto x Baby Pluto (Deluxe),Top Albums,Playlist track
Bad Bitch From Tokyo (Intro),Pop Smoke,Shoot For The Stars Aim For The Moon,Top Albums,Playlist track
Aim For The Moon (feat. Quavo),Pop Smoke,Shoot For The Stars Aim For The Moon,Top Albums,Playlist track
For The Night (feat. Lil Baby & DaBaby),Pop Smoke,Shoot For The Stars Aim For The Moon,Top Albums,Playlist track
44 BullDog,Pop Smoke,Shoot For The Stars Aim For The Moon,Top Albums,Playlist track
Gangstas,Pop Smoke,Shoot For The Stars Aim For The Moon,Top Albums,Playlist track
Yea Yea,Pop Smoke,Shoot For The Stars Aim For The Moon,Top Albums,Playlist track
Creature (feat. Swae Lee),Pop Smoke,Shoot For The Stars Aim For The Moon,Top Albums,Playlist track
Snitching (feat. Quavo & Future),Pop Smoke,Shoot For The Stars Aim For The Moon,Top Albums,Playlist track
Make It Rain (feat. Rowdy Rebel),Pop Smoke,Shoot For The Stars Aim For The Moon,Top Albums,Playlist track
The Woo (feat. 50 Cent & Roddy Ricch),Pop Smoke,Shoot For The Stars Aim For The Moon,Top Albums,Playlist track
West Coast Shit (feat. Tyga & Quavo),Pop Smoke,Shoot For The Stars Aim For The Moon,Top Albums,Playlist track
Enjoy Yourself (feat. KAROL G),Pop Smoke,Shoot For The Stars Aim For The Moon,Top Albums,Playlist track
Mood Swings (feat. Lil Tjay),Pop Smoke,Shoot For The Stars Aim For The Moon,Top Albums,Playlist track
Something Special,Pop Smoke,Shoot For The Stars Aim For The Moon,Top Albums,Playlist track
What You Know Bout Love,Pop Smoke,Shoot For The Stars Aim For The Moon,Top Albums,Playlist track
Diana (feat. King Combs),Pop Smoke,Shoot For The Stars Aim For The Moon,Top Albums,Playlist track
Got It On Me,Pop Smoke,Shoot For The Stars Aim For The Moon,Top Albums,Playlist track
Tunnel Vision (Outro),Pop Smoke,Shoot For The Stars Aim For The Moon,Top Albums,Playlist track
Dior (Bonus),Pop Smoke,Shoot For The Stars Aim For The Moon,Top Albums,Playlist track
Drug Addiction,YoungBoy Never Broke Again,Top,Top Albums,Playlist track
Cross Roads,YoungBoy Never Broke Again,Top,Top Albums,Playlist track
The Last Backyard...,YoungBoy Never Broke Again,Top,Top Albums,Playlist track
Right Foot Creep,YoungBoy Never Broke Again,Top,Top Albums,Playlist track
Dirty Stick,YoungBoy Never Broke Again,Top,Top Albums,Playlist track
Kacey Talk,YoungBoy Never Broke Again,Top,Top Albums,Playlist track
My Window (feat. Lil Wayne),YoungBoy Never Broke Again,Top,Top Albums,Playlist track
I’m Up,YoungBoy Never Broke Again,Top,Top Albums,Playlist track
Off Season,YoungBoy Never Broke Again,Top,Top Albums,Playlist track
All In,YoungBoy Never Broke Again,Top,Top Albums,Playlist track
Dead Trollz,YoungBoy Never Broke Again,Top,Top Albums,Playlist track
F**k Ya!,YoungBoy Never Broke Again,Top,Top Albums,Playlist track
Big Bankroll,YoungBoy Never Broke Again,Top,Top Albums,Playlist track
Boom,YoungBoy Never Broke Again,Top,Top Albums,Playlist track
Reaper’s Child,YoungBoy Never Broke Again,Top,Top Albums,Playlist track
Murder Business,YoungBoy Never Broke Again,Top,Top Albums,Playlist track
Sticks With Me,YoungBoy Never Broke Again,Top,Top Albums,Playlist track
House Arrest Tingz,YoungBoy Never Broke Again,Top,Top Albums,Playlist track
To My Lowest,YoungBoy Never Broke Again,Top,Top Albums,Playlist track
Peace Hardly,YoungBoy Never Broke Again,Top,Top Albums,Playlist track
Callin (feat. Snoop Dogg),YoungBoy Never Broke Again,Top,Top Albums,Playlist track
Brother's Keeper,DaBaby,My Brother's Keeper (Long Live G),Top Albums,Playlist track
8 Figures (feat. Meek Mill),DaBaby,My Brother's Keeper (Long Live G),Top Albums,Playlist track
Shanyah,DaBaby,My Brother's Keeper (Long Live G),Top Albums,Playlist track
Gucci Peacoat,DaBaby,My Brother's Keeper (Long Live G),Top Albums,Playlist track
Handgun (feat. NoCap & Polo G),DaBaby,My Brother's Keeper (Long Live G),Top Albums,Playlist track
Bidness (feat. Toosii),DaBaby,My Brother's Keeper (Long Live G),Top Albums,Playlist track
More Money More Problems,DaBaby,My Brother's Keeper (Long Live G),Top Albums,Playlist track
Don't Believe The Hype,Polo G,THE GOAT,Top Albums,Playlist track
Heartless (feat. Mustard),Polo G,THE GOAT,Top Albums,Playlist track
Martin & Gina,Polo G,THE GOAT,Top Albums,Playlist track
Flex (feat. Juice WRLD),Polo G,THE GOAT,Top Albums,Playlist track
Go Stupid (feat. NLE Choppa & Mike WiLL Made-It),Polo G & Stunna 4 Vegas,THE GOAT,Top Albums,Playlist track
21,Polo G,THE GOAT,Top Albums,Playlist track
33,Polo G,THE GOAT,Top Albums,Playlist track
I Know,Polo G,THE GOAT,Top Albums,Playlist track
Beautiful Pain (Losin My Mind),Polo G,THE GOAT,Top Albums,Playlist track
No Matter What,Polo G,THE GOAT,Top Albums,Playlist track
Be Something (feat. Lil Baby),Polo G,THE GOAT,Top Albums,Playlist track
Relentless,Polo G,THE GOAT,Top Albums,Playlist track
DND,Polo G,THE GOAT,Top Albums,Playlist track
Chinatown,Polo G,THE GOAT,Top Albums,Playlist track
Trials & Tribulations,Polo G,THE GOAT,Top Albums,Playlist track
Wishing For A Hero (feat. BJ the Chicago Kid),Polo G,THE GOAT,Top Albums,Playlist track
Nobody Safe,Rich The Kid & YoungBoy Never Broke Again,Nobody Safe,Top Albums,Playlist track
No Flash,Rich The Kid & YoungBoy Never Broke Again,Nobody Safe,Top Albums,Playlist track
You Bad,Rich The Kid & YoungBoy Never Broke Again,Nobody Safe,Top Albums,Playlist track
Bankroll,Rich The Kid & YoungBoy Never Broke Again,Nobody Safe,Top Albums,Playlist track
Automatic,Rich The Kid & YoungBoy Never Broke Again,Nobody Safe,Top Albums,Playlist track
So Sorry,Rich The Kid & YoungBoy Never Broke Again,Nobody Safe,Top Albums,Playlist track
Sex,Rich The Kid & YoungBoy Never Broke Again,Nobody Safe,Top Albums,Playlist track
Doors Up,Rich The Kid & YoungBoy Never Broke Again,Nobody Safe,Top Albums,Playlist track
Woke Up,Rich The Kid & YoungBoy Never Broke Again,Nobody Safe,Top Albums,Playlist track
Rings On,Rich The Kid & YoungBoy Never Broke Again,Nobody Safe,Top Albums,Playlist track
Took A Risk (feat. Quando Rondo),Rich The Kid & YoungBoy Never Broke Again,Nobody Safe,Top Albums,Playlist track
Body Bag (feat. Lil Wayne),Rich The Kid & YoungBoy Never Broke Again,Nobody Safe,Top Albums,Playlist track
Sorry Momma (feat. Rod Wave),Rich The Kid & YoungBoy Never Broke Again,Nobody Safe,Top Albums,Playlist track
Brown Hair,Rich The Kid & YoungBoy Never Broke Again,Nobody Safe,Top Albums,Playlist track
Can't Let The World In,Rich The Kid & YoungBoy Never Broke Again,Nobody Safe,Top Albums,Playlist track
Intro,Queen Naija,missunderstood,Top Albums,Playlist track
Too Much To Say,Queen Naija,missunderstood,Top Albums,Playlist track
I'm Her (feat. Kiana Ledé),Queen Naija,missunderstood,Top Albums,Playlist track
Pack Lite,Queen Naija,missunderstood,Top Albums,Playlist track
Lie To Me (feat. Lil Durk),Queen Naija,missunderstood,Top Albums,Playlist track
Dream (feat. Lucky Daye),Queen Naija,missunderstood,Top Albums,Playlist track
Love Language,Queen Naija,missunderstood,Top Albums,Playlist track
Without You (feat. Russ),Queen Naija,missunderstood,Top Albums,Playlist track
Say What You Mean,Queen Naija,missunderstood,Top Albums,Playlist track
Bitter Skit (feat. Pretty Vee),Queen Naija,missunderstood,Top Albums,Playlist track
Bitter (feat. Mulatto),Queen Naija,missunderstood,Top Albums,Playlist track
One Time (feat. Toosii),Queen Naija,missunderstood,Top Albums,Playlist track
Pressure,Queen Naija,missunderstood,Top Albums,Playlist track
Five Seconds (feat. Jacquees),Queen Naija,missunderstood,Top Albums,Playlist track
Pretend,Queen Naija,missunderstood,Top Albums,Playlist track
Trial And Error,Queen Naija,missunderstood,Top Albums,Playlist track
Butterflies Pt. 2,Queen Naija,missunderstood,Top Albums,Playlist track
Beautiful,Queen Naija,missunderstood,Top Albums,Playlist track
Different Meaning,Lil Durk,Just Cause Y'all Waited 2 (Deluxe),Top Albums,Playlist track
Street Affection,Lil Durk,Just Cause Y'all Waited 2 (Deluxe),Top Albums,Playlist track
3 Headed Goat (feat. Lil Baby & Polo G),Lil Durk,Just Cause Y'all Waited 2 (Deluxe),Top Albums,Playlist track
All Love,Lil Durk,Just Cause Y'all Waited 2 (Deluxe),Top Albums,Playlist track
Gucci Gucci (feat. Gunna),Lil Durk,Just Cause Y'all Waited 2 (Deluxe),Top Albums,Playlist track
Viral Moment,Lil Durk,Just Cause Y'all Waited 2 (Deluxe),Top Albums,Playlist track
248,Lil Durk,Just Cause Y'all Waited 2 (Deluxe),Top Albums,Playlist track
Triflin Hoes,Lil Durk,Just Cause Y'all Waited 2 (Deluxe),Top Albums,Playlist track
Internet Sensation,Lil Durk,Just Cause Y'all Waited 2 (Deluxe),Top Albums,Playlist track
Street Prayer,Lil Durk,Just Cause Y'all Waited 2 (Deluxe),Top Albums,Playlist track
Chiraq Demons (feat. G Herbo),Lil Durk,Just Cause Y'all Waited 2 (Deluxe),Top Albums,Playlist track
Doin Too Much,Lil Durk,Just Cause Y'all Waited 2 (Deluxe),Top Albums,Playlist track
Broke Up in Miami,Lil Durk,Just Cause Y'all Waited 2 (Deluxe),Top Albums,Playlist track
Turn Myself In,Lil Durk,Just Cause Y'all Waited 2 (Deluxe),Top Albums,Playlist track
Fabricated,Lil Durk,Just Cause Y'all Waited 2 (Deluxe),Top Albums,Playlist track
Pass the Water,Lil Durk,Just Cause Y'all Waited 2 (Deluxe),Top Albums,Playlist track
Denied in UK,Lil Durk,Just Cause Y'all Waited 2 (Deluxe),Top Albums,Playlist track
Support You,Lil Durk,Just Cause Y'all Waited 2 (Deluxe),Top Albums,Playlist track
When We Shoot,Lil Durk,Just Cause Y'all Waited 2 (Deluxe),Top Albums,Playlist track
Where They Go,Lil Durk,Just Cause Y'all Waited 2 (Deluxe),Top Albums,Playlist track
Watch Yo Homie,Lil Durk,Just Cause Y'all Waited 2 (Deluxe),Top Albums,Playlist track
Outro,Lil Durk,Just Cause Y'all Waited 2 (Deluxe),Top Albums,Playlist track
All Love,Lil Durk,Just Cause Y'all Waited 2 (Deluxe),Top Albums,Playlist track
Viral Moment,Lil Durk,Just Cause Y'all Waited 2 (Deluxe),Top Albums,Playlist track
Doin Too Much,Lil Durk,Just Cause Y'all Waited 2 (Deluxe),Top Albums,Playlist track
Street Prayer,Lil Durk,Just Cause Y'all Waited 2 (Deluxe),Top Albums,Playlist track
Intro,Juice WRLD,Goodbye & Good Riddance,Top Albums,Playlist track
All Girls Are the Same,Juice WRLD,Goodbye & Good Riddance,Top Albums,Playlist track
Lucid Dreams,Juice WRLD,Goodbye & Good Riddance,Top Albums,Playlist track
Lean Wit Me,Juice WRLD,Goodbye & Good Riddance,Top Albums,Playlist track
Wasted (feat. Lil Uzi Vert),Juice WRLD,Goodbye & Good Riddance,Top Albums,Playlist track
I'm Still,Juice WRLD,Goodbye & Good Riddance,Top Albums,Playlist track
Betrayal (Skit),Juice WRLD,Goodbye & Good Riddance,Top Albums,Playlist track
Candles,Juice WRLD,Goodbye & Good Riddance,Top Albums,Playlist track
Scared of Love,Juice WRLD,Goodbye & Good Riddance,Top Albums,Playlist track
Used To,Juice WRLD,Goodbye & Good Riddance,Top Albums,Playlist track
Karma (Skit),Juice WRLD,Goodbye & Good Riddance,Top Albums,Playlist track
Hurt Me,Juice WRLD,Goodbye & Good Riddance,Top Albums,Playlist track
Black & White,Juice WRLD,Goodbye & Good Riddance,Top Albums,Playlist track
Long Gone,Juice WRLD,Goodbye & Good Riddance,Top Albums,Playlist track
End of the Road,Juice WRLD,Goodbye & Good Riddance,Top Albums,Playlist track
I'll Be Fine,Juice WRLD,Goodbye & Good Riddance,Top Albums,Playlist track
Anxiety (Intro),Juice WRLD,Legends Never Die (Video Version),Top Albums,Playlist track
Conversations,Juice WRLD,Legends Never Die (Video Version),Top Albums,Playlist track
Titanic,Juice WRLD,Legends Never Die (Video Version),Top Albums,Playlist track
Bad Energy,Juice WRLD,Legends Never Die (Video Version),Top Albums,Playlist track
Righteous,Juice WRLD,Legends Never Die (Video Version),Top Albums,Playlist track
Blood On My Jeans,Juice WRLD,Legends Never Die (Video Version),Top Albums,Playlist track
Smile,Juice WRLD & The Weeknd,Legends Never Die (Video Version),Top Albums,Playlist track
Tell Me U Luv Me,Juice WRLD & Trippie Redd,Legends Never Die (Video Version),Top Albums,Playlist track
Hate the Other Side,"Juice WRLD, Marshmello & The Kid LAROI",Legends Never Die (Video Version),Top Albums,Playlist track
Get Through It (Interlude),Juice WRLD,Legends Never Die (Video Version),Top Albums,Playlist track
Life's a Mess,Juice WRLD & Halsey,Legends Never Die (Video Version),Top Albums,Playlist track
Come & Go,Juice WRLD & Marshmello,Legends Never Die (Video Version),Top Albums,Playlist track
I Want It,Juice WRLD,Legends Never Die (Video Version),Top Albums,Playlist track
Fighting Demons,Juice WRLD,Legends Never Die (Video Version),Top Albums,Playlist track
Wishing Well,Juice WRLD,Legends Never Die (Video Version),Top Albums,Playlist track
Screw Juice,Juice WRLD,Legends Never Die (Video Version),Top Albums,Playlist track
Up Up and Away,Juice WRLD,Legends Never Die (Video Version),Top Albums,Playlist track
"The Man, The Myth, The Legend (Interlude)",Juice WRLD,Legends Never Die (Video Version),Top Albums,Playlist track
Stay High,Juice WRLD,Legends Never Die (Video Version),Top Albums,Playlist track
Can't Die,Juice WRLD,Legends Never Die (Video Version),Top Albums,Playlist track
Man of The Year,Juice WRLD,Legends Never Die (Video Version),Top Albums,Playlist track
Juice WRLD Speaks from Heaven (Outro),Juice WRLD,Legends Never Die (Video Version),Top Albums,Playlist track
Righteous,Juice WRLD,Legends Never Die (Video Version),Top Albums,Playlist track
Wishing Well,Juice WRLD,Legends Never Die (Video Version),Top Albums,Playlist track
Tell Me U Luv Me,Juice WRLD & Trippie Redd,Legends Never Die (Video Version),Top Albums,Playlist track
Come & Go,Juice WRLD & Marshmello,Legends Never Die (Video Version),Top Albums,Playlist track
Smile,Juice WRLD & The Weeknd,Legends Never Die (Video Version),Top Albums,Playlist track
Homesick,"DJ Scheme, Zacari & Skrillex",FAMILY,Top Albums,Playlist track
Trust Nobody (2 My Brothers),DJ Scheme & Joey Bada$$,FAMILY,Top Albums,Playlist track
Thor's Hammer Worthy (feat. ZillaKami),DJ Scheme & Ski Mask the Slump God,FAMILY,Top Albums,Playlist track
E-ER (feat. Danny Towers & Lil Yachty),DJ Scheme & Ski Mask the Slump God,FAMILY,Top Albums,Playlist track
Bussin' Out (feat. Lil Mosey & Ty Dolla $ign),DJ Scheme,FAMILY,Top Albums,Playlist track
Soda (feat. Take A Daytrip),"DJ Scheme, Cordae & Ski Mask the Slump God",FAMILY,Top Albums,Playlist track
Splurgin (feat. Shakewell),DJ Scheme & Lil Gnar,FAMILY,Top Albums,Playlist track
Baby (feat. iann dior),DJ Scheme,FAMILY,Top Albums,Playlist track
Falling 4 U (feat. TheHxliday),DJ Scheme,FAMILY,Top Albums,Playlist track
It's Alright (feat. Tes X),DJ Scheme,FAMILY,Top Albums,Playlist track
Blue Bills (feat. $NOT & Fenix Flexin),DJ Scheme,FAMILY,Top Albums,Playlist track
How You Feel? (Freestyle) [feat. Lil Yachty & Ski Mask the Slump God],DJ Scheme & Danny Towers,FAMILY,Top Albums,Playlist track
Zebra (feat. Jackboy & Danny Towers),DJ Scheme,FAMILY,Top Albums,Playlist track
3 Sum (feat. Robb Bank$),DJ Scheme,FAMILY,Top Albums,Playlist track
Top of the Mountain (feat. Lil Keed),DJ Scheme,FAMILY,Top Albums,Playlist track
Feel It (feat. Cris Dinero & G.Wakai),DJ Scheme,FAMILY,Top Albums,Playlist track
Piece of My Heart,DJ Scheme,FAMILY,Top Albums,Playlist track
Skyline,Brent Faiyaz,F**k the World,Top Albums,Playlist track
Clouded,Brent Faiyaz,F**k the World,Top Albums,Playlist track
Been Away,Brent Faiyaz,F**k the World,Top Albums,Playlist track
F**k the World (Summer in London),Brent Faiyaz,F**k the World,Top Albums,Playlist track
Let Me Know,Brent Faiyaz,F**k the World,Top Albums,Playlist track
Soon Az I Get Home,Brent Faiyaz,F**k the World,Top Albums,Playlist track
Rehab (Winter in Paris),Brent Faiyaz,F**k the World,Top Albums,Playlist track
Bluffin,Brent Faiyaz,F**k the World,Top Albums,Playlist track
Lost Kids Get Money,Brent Faiyaz,F**k the World,Top Albums,Playlist track
Make It Out,Brent Faiyaz,F**k the World,Top Albums,Playlist track
Get Ugly,Lil Baby,My Turn (Deluxe),Top Albums,Playlist track
Heatin Up,Lil Baby & Gunna,My Turn (Deluxe),Top Albums,Playlist track
How,Lil Baby,My Turn (Deluxe),Top Albums,Playlist track
Grace,Lil Baby & 42 Dugg,My Turn (Deluxe),Top Albums,Playlist track
Woah,Lil Baby,My Turn (Deluxe),Top Albums,Playlist track
Live Off My Closet (feat. Future),Lil Baby,My Turn (Deluxe),Top Albums,Playlist track
Same Thing,Lil Baby,My Turn (Deluxe),Top Albums,Playlist track
Emotionally Scarred,Lil Baby,My Turn (Deluxe),Top Albums,Playlist track
Commercial (feat. Lil Uzi Vert),Lil Baby,My Turn (Deluxe),Top Albums,Playlist track
Forever (feat. Lil Wayne),Lil Baby,My Turn (Deluxe),Top Albums,Playlist track
Can't Explain,Lil Baby,My Turn (Deluxe),Top Albums,Playlist track
No Sucker,Lil Baby & Moneybagg Yo,My Turn (Deluxe),Top Albums,Playlist track
Sum 2 Prove,Lil Baby,My Turn (Deluxe),Top Albums,Playlist track
We Should,Lil Baby & Young Thug,My Turn (Deluxe),Top Albums,Playlist track
"Catch the Sun (From ""Queen & Slim: The Soundtrack"")",Lil Baby,My Turn (Deluxe),Top Albums,Playlist track
Consistent,Lil Baby,My Turn (Deluxe),Top Albums,Playlist track
Gang Signs,Lil Baby,My Turn (Deluxe),Top Albums,Playlist track
Hurtin,Lil Baby,My Turn (Deluxe),Top Albums,Playlist track
Forget That,Lil Baby & Rylo Rodriguez,My Turn (Deluxe),Top Albums,Playlist track
Solid,Lil Baby,My Turn (Deluxe),Top Albums,Playlist track
Social Distancing,Lil Baby,My Turn (Deluxe),Top Albums,Playlist track
All In,Lil Baby,My Turn (Deluxe),Top Albums,Playlist track
Low Down,Lil Baby,My Turn (Deluxe),Top Albums,Playlist track
Humble,Lil Baby,My Turn (Deluxe),Top Albums,Playlist track
Get Money,Lil Baby,My Turn (Deluxe),Top Albums,Playlist track
We Paid,Lil Baby & 42 Dugg,My Turn (Deluxe),Top Albums,Playlist track
Emotionally Scarred,Lil Baby,My Turn (Deluxe),Top Albums,Playlist track
All In,Lil Baby,My Turn (Deluxe),Top Albums,Playlist track
Heatin Up,Lil Baby & Gunna,My Turn (Deluxe),Top Albums,Playlist track
Grace,Lil Baby & 42 Dugg,My Turn (Deluxe),Top Albums,Playlist track
Woah,Lil Baby,My Turn (Deluxe),Top Albums,Playlist track
Forever (feat. Lil Wayne),Lil Baby,My Turn (Deluxe),Top Albums,Playlist track
No Sucker,Lil Baby & Moneybagg Yo,My Turn (Deluxe),Top Albums,Playlist track
Sum 2 Prove,Lil Baby,My Turn (Deluxe),Top Albums,Playlist track
"Catch the Sun (From ""Queen & Slim: The Soundtrack"")",Lil Baby,My Turn (Deluxe),Top Albums,Playlist track
Pray 4 Love,Rod Wave,Pray 4 Love (Deluxe),Top Albums,Playlist track
F**k the World,Rod Wave,Pray 4 Love (Deluxe),Top Albums,Playlist track
Thief in the Night,Rod Wave,Pray 4 Love (Deluxe),Top Albums,Playlist track
Thug Life,Rod Wave,Pray 4 Love (Deluxe),Top Albums,Playlist track
I Remember,Rod Wave,Pray 4 Love (Deluxe),Top Albums,Playlist track
Rags2Riches (feat. ATR Son Son),Rod Wave,Pray 4 Love (Deluxe),Top Albums,Playlist track
No Weakness,Rod Wave,Pray 4 Love (Deluxe),Top Albums,Playlist track
Roaming,Rod Wave,Pray 4 Love (Deluxe),Top Albums,Playlist track
The Greatest,Rod Wave,Pray 4 Love (Deluxe),Top Albums,Playlist track
Ribbon in the Sky,Rod Wave,Pray 4 Love (Deluxe),Top Albums,Playlist track
5% Tints,Rod Wave,Pray 4 Love (Deluxe),Top Albums,Playlist track
Girl of My Dreams,Rod Wave,Pray 4 Love (Deluxe),Top Albums,Playlist track
Thug Motivation,Rod Wave,Pray 4 Love (Deluxe),Top Albums,Playlist track
Dark Clouds,Rod Wave,Pray 4 Love (Deluxe),Top Albums,Playlist track
Fire & Desire,Rod Wave,Pray 4 Love (Deluxe),Top Albums,Playlist track
Letter from Houston,Rod Wave,Pray 4 Love (Deluxe),Top Albums,Playlist track
Freestyle,Rod Wave,Pray 4 Love (Deluxe),Top Albums,Playlist track
Sack Right (feat. Yo Gotti),Rod Wave,Pray 4 Love (Deluxe),Top Albums,Playlist track
Rags2Riches 2 (feat. Lil Baby),Rod Wave,Pray 4 Love (Deluxe),Top Albums,Playlist track
To My Grave,Rod Wave,Pray 4 Love (Deluxe),Top Albums,Playlist track
Smile,Rod Wave,Pray 4 Love (Deluxe),Top Albums,Playlist track
Out My Business,Rod Wave,Pray 4 Love (Deluxe),Top Albums,Playlist track
Through the Wire,Rod Wave,Pray 4 Love (Deluxe),Top Albums,Playlist track
FrFr,Rod Wave,Pray 4 Love (Deluxe),Top Albums,Playlist track
Ain't Mad at You,Rod Wave,Pray 4 Love (Deluxe),Top Albums,Playlist track
Pray 4 Love,Rod Wave,Pray 4 Love (Deluxe),Top Albums,Playlist track
F**k the World,Rod Wave,Pray 4 Love (Deluxe),Top Albums,Playlist track
Thief in the Night,Rod Wave,Pray 4 Love (Deluxe),Top Albums,Playlist track
The Greatest,Rod Wave,Pray 4 Love (Deluxe),Top Albums,Playlist track
Girl of My Dreams,Rod Wave,Pray 4 Love (Deluxe),Top Albums,Playlist track
Thug Motivation,Rod Wave,Pray 4 Love (Deluxe),Top Albums,Playlist track
Dark Clouds,Rod Wave,Pray 4 Love (Deluxe),Top Albums,Playlist track
Letter from Houston,Rod Wave,Pray 4 Love (Deluxe),Top Albums,Playlist track
Freestyle,Rod Wave,Pray 4 Love (Deluxe),Top Albums,Playlist track
Through the Wire,Rod Wave,Pray 4 Love (Deluxe),Top Albums,Playlist track
"Overture ""Little Mariah's"" Theme",Mariah Carey,Mariah Carey's Magical Christmas Special (Apple TV+ Original Soundtrack),Top Albums,Playlist track
Sleigh Ride,Mariah Carey,Mariah Carey's Magical Christmas Special (Apple TV+ Original Soundtrack),Top Albums,Playlist track
Hark! The Herald Angels Sing (Interlude),Mariah Carey,Mariah Carey's Magical Christmas Special (Apple TV+ Original Soundtrack),Top Albums,Playlist track
When Christmas Comes (Magical Christmas Mix),Mariah Carey,Mariah Carey's Magical Christmas Special (Apple TV+ Original Soundtrack),Top Albums,Playlist track
Let it Snow! Let it Snow! Let it Snow! (Outro),Mariah Carey,Mariah Carey's Magical Christmas Special (Apple TV+ Original Soundtrack),Top Albums,Playlist track
Peanuts...All I Want (Interlude),Cast,Mariah Carey's Magical Christmas Special (Apple TV+ Original Soundtrack),Top Albums,Playlist track
Christmas Time Is Here,Mariah Carey,Mariah Carey's Magical Christmas Special (Apple TV+ Original Soundtrack),Top Albums,Playlist track
Santa Claus is Comin’ to Town (Intro),Mariah Carey,Mariah Carey's Magical Christmas Special (Apple TV+ Original Soundtrack),Top Albums,Playlist track
Oh Santa! (feat. Ariana Grande & Jennifer Hudson),Mariah Carey,Mariah Carey's Magical Christmas Special (Apple TV+ Original Soundtrack),Top Albums,Playlist track
Here Comes Santa Claus (Right Down Santa Claus Lane) / House Top Celebration [feat. Snoop Dogg & Jermaine Dupri],Mariah Carey,Mariah Carey's Magical Christmas Special (Apple TV+ Original Soundtrack),Top Albums,Playlist track
Sugar Plum Fairy (Magical Christmas Mix),Mariah Carey,Mariah Carey's Magical Christmas Special (Apple TV+ Original Soundtrack),Top Albums,Playlist track
Christmas Time Is in the Air Again (Magical Christmas Mix),Mariah Carey,Mariah Carey's Magical Christmas Special (Apple TV+ Original Soundtrack),Top Albums,Playlist track
O Holy Night (Magical Christmas Mix),Mariah Carey,Mariah Carey's Magical Christmas Special (Apple TV+ Original Soundtrack),Top Albums,Playlist track
Joy to the World (Magical Christmas Mix),Mariah Carey,Mariah Carey's Magical Christmas Special (Apple TV+ Original Soundtrack),Top Albums,Playlist track
Silent Night (Magical Christmas Mix),Mariah Carey,Mariah Carey's Magical Christmas Special (Apple TV+ Original Soundtrack),Top Albums,Playlist track
All I Want For Christmas Is You (Magical Christmas Mix),Mariah Carey,Mariah Carey's Magical Christmas Special (Apple TV+ Original Soundtrack),Top Albums,Playlist track
"""Little Mimi's"" Theme",Mariah Carey,Mariah Carey's Magical Christmas Special (Apple TV+ Original Soundtrack),Top Albums,Playlist track
Remember the Times,Kodak Black,Bill Israel,Top Albums,Playlist track
I Wanna Live,Kodak Black,Bill Israel,Top Albums,Playlist track
"Eeny, Meeny, Miny, Moe",Kodak Black,Bill Israel,Top Albums,Playlist track
Spain (feat. Tory Lanez and Jackboy),Kodak Black,Bill Israel,Top Albums,Playlist track
The Fire,Kodak Black,Bill Israel,Top Albums,Playlist track
Pimpin Ain't Eazy,Kodak Black,Bill Israel,Top Albums,Playlist track
I Knew It (feat. Gucci Mane & CBE),Kodak Black,Bill Israel,Top Albums,Playlist track
Feeling Myself Today,Kodak Black,Bill Israel,Top Albums,Playlist track
Serene,Kodak Black,Bill Israel,Top Albums,Playlist track
Make a Hit (feat. Lil Yachty),Kodak Black,Bill Israel,Top Albums,Playlist track
Dummy Green,Kodak Black,Bill Israel,Top Albums,Playlist track
No Love Lost,Blxst,No Love Lost (Deluxe),Top Albums,Playlist track
Overrated,Blxst,No Love Lost (Deluxe),Top Albums,Playlist track
Wrong or Right,Blxst,No Love Lost (Deluxe),Top Albums,Playlist track
Gang Slide,Blxst,No Love Lost (Deluxe),Top Albums,Playlist track
Be Alone,Blxst,No Love Lost (Deluxe),Top Albums,Playlist track
Just Say'n,Blxst,No Love Lost (Deluxe),Top Albums,Playlist track
Searching,Blxst,No Love Lost (Deluxe),Top Albums,Playlist track
Hurt,Blxst,No Love Lost (Deluxe),Top Albums,Playlist track
Pressure,Blxst,No Love Lost (Deluxe),Top Albums,Playlist track
Forever Humble,Blxst,No Love Lost (Deluxe),Top Albums,Playlist track
Got It All,Blxst & DOM KENNEDY,No Love Lost (Deluxe),Top Albums,Playlist track
Chosen (feat. Ty Dolla $ign),Blxst & Tyga,No Love Lost (Deluxe),Top Albums,Playlist track
Wrong or Right,Blxst & Bino Rideaux,No Love Lost (Deluxe),Top Albums,Playlist track
Change Up,Blxst,No Love Lost (Deluxe),Top Albums,Playlist track
Lambo Wrist,2 Chainz,So Help Me God!,Top Albums,Playlist track
Grey Area,2 Chainz,So Help Me God!,Top Albums,Playlist track
Save Me (feat. YoungBoy Never Broke Again),2 Chainz,So Help Me God!,Top Albums,Playlist track
Money Maker (feat. Lil Wayne),2 Chainz,So Help Me God!,Top Albums,Playlist track
Can't Go for That (feat. Ty Dolla $ign & Lil Duval),2 Chainz,So Help Me God!,Top Albums,Playlist track
Feel a Way (feat. Kanye West & Brent Faiyaz),2 Chainz,So Help Me God!,Top Albums,Playlist track
Quarantine Thick (feat. Mulatto),2 Chainz,So Help Me God!,Top Albums,Playlist track
Ziploc (feat. Kevin Gates),2 Chainz,So Help Me God!,Top Albums,Playlist track
Free Lighter (feat. Lil Uzi Vert & Chief Keef),2 Chainz,So Help Me God!,Top Albums,Playlist track
Toni,2 Chainz,So Help Me God!,Top Albums,Playlist track
Southside Hov,2 Chainz,So Help Me God!,Top Albums,Playlist track
Vampire,2 Chainz,So Help Me God!,Top Albums,Playlist track
YRB (feat. Rick Ross & Skooly),2 Chainz,So Help Me God!,Top Albums,Playlist track
Wait for You to Die,2 Chainz,So Help Me God!,Top Albums,Playlist track
55 Times,2 Chainz,So Help Me God!,Top Albums,Playlist track
WTF Do I Know,Miley Cyrus,Plastic Hearts (Apple Music Backyard Sessions Edition),Top Albums,Playlist track
Plastic Hearts,Miley Cyrus,Plastic Hearts (Apple Music Backyard Sessions Edition),Top Albums,Playlist track
Angels Like You,Miley Cyrus,Plastic Hearts (Apple Music Backyard Sessions Edition),Top Albums,Playlist track
Prisoner (feat. Dua Lipa),Miley Cyrus,Plastic Hearts (Apple Music Backyard Sessions Edition),Top Albums,Playlist track
Gimme What I Want,Miley Cyrus,Plastic Hearts (Apple Music Backyard Sessions Edition),Top Albums,Playlist track
Night Crawling (feat. Billy Idol),Miley Cyrus,Plastic Hearts (Apple Music Backyard Sessions Edition),Top Albums,Playlist track
Midnight Sky,Miley Cyrus,Plastic Hearts (Apple Music Backyard Sessions Edition),Top Albums,Playlist track
High,Miley Cyrus,Plastic Hearts (Apple Music Backyard Sessions Edition),Top Albums,Playlist track
Hate Me,Miley Cyrus,Plastic Hearts (Apple Music Backyard Sessions Edition),Top Albums,Playlist track
Bad Karma (feat. Joan Jett),Miley Cyrus,Plastic Hearts (Apple Music Backyard Sessions Edition),Top Albums,Playlist track
Never Be Me,Miley Cyrus,Plastic Hearts (Apple Music Backyard Sessions Edition),Top Albums,Playlist track
Golden G String,Miley Cyrus,Plastic Hearts (Apple Music Backyard Sessions Edition),Top Albums,Playlist track
Edge of Midnight (Midnight Sky Remix) [feat. Stevie Nicks],Miley Cyrus,Plastic Hearts (Apple Music Backyard Sessions Edition),Top Albums,Playlist track
Heart Of Glass (Live from the iHeart Festival),Miley Cyrus,Plastic Hearts (Apple Music Backyard Sessions Edition),Top Albums,Playlist track
Zombie (Live from the NIVA Save Our Stages Festival),Miley Cyrus,Plastic Hearts (Apple Music Backyard Sessions Edition),Top Albums,Playlist track
High (Backyard Sessions),Miley Cyrus,Plastic Hearts (Apple Music Backyard Sessions Edition),Top Albums,Playlist track
Plastic Hearts (Backyard Sessions),Miley Cyrus,Plastic Hearts (Apple Music Backyard Sessions Edition),Top Albums,Playlist track
Golden G String (Backyard Sessions),Miley Cyrus,Plastic Hearts (Apple Music Backyard Sessions Edition),Top Albums,Playlist track
Angels Like You (Backyard Sessions),Miley Cyrus,Plastic Hearts (Apple Music Backyard Sessions Edition),Top Albums,Playlist track
Empty,Juice WRLD,Death Race for Love,Top Albums,Playlist track
Maze,Juice WRLD,Death Race for Love,Top Albums,Playlist track
HeMotions,Juice WRLD,Death Race for Love,Top Albums,Playlist track
Demonz (feat. Brent Faiyaz) [Interlude],Juice WRLD,Death Race for Love,Top Albums,Playlist track
Fast,Juice WRLD,Death Race for Love,Top Albums,Playlist track
Hear Me Calling,Juice WRLD,Death Race for Love,Top Albums,Playlist track
Big,Juice WRLD,Death Race for Love,Top Albums,Playlist track
Robbery,Juice WRLD,Death Race for Love,Top Albums,Playlist track
Flaws and Sins,Juice WRLD,Death Race for Love,Top Albums,Playlist track
Feeling,Juice WRLD,Death Race for Love,Top Albums,Playlist track
Syphilis,Juice WRLD,Death Race for Love,Top Albums,Playlist track
Who Shot Cupid?,Juice WRLD,Death Race for Love,Top Albums,Playlist track
Ring Ring (feat. Clever),Juice WRLD,Death Race for Love,Top Albums,Playlist track
Desire,Juice WRLD,Death Race for Love,Top Albums,Playlist track
Out My Way,Juice WRLD,Death Race for Love,Top Albums,Playlist track
The Bees Knees,Juice WRLD,Death Race for Love,Top Albums,Playlist track
ON GOD (feat. Young Thug),Juice WRLD,Death Race for Love,Top Albums,Playlist track
10 Feet,Juice WRLD,Death Race for Love,Top Albums,Playlist track
Won't Let Go,Juice WRLD,Death Race for Love,Top Albums,Playlist track
She's the One,Juice WRLD,Death Race for Love,Top Albums,Playlist track
Rider,Juice WRLD,Death Race for Love,Top Albums,Playlist track
Make Believe,Juice WRLD,Death Race for Love,Top Albums,Playlist track
Oh Lord (feat. Tamika Mallory),Jeezy,The Recession 2,Top Albums,Playlist track
Here We Go,Jeezy,The Recession 2,Top Albums,Playlist track
Modern Day,Jeezy,The Recession 2,Top Albums,Playlist track
Back (feat. Yo Gotti),Jeezy,The Recession 2,Top Albums,Playlist track
Da Ghetto (feat. E-40),Jeezy,The Recession 2,Top Albums,Playlist track
N****z,Jeezy,The Recession 2,Top Albums,Playlist track
Death of Me,Jeezy,The Recession 2,Top Albums,Playlist track
Stimulus Check,Jeezy,The Recession 2,Top Albums,Playlist track
My Reputation (feat. Demi Lovato & Lil Duval),Jeezy,The Recession 2,Top Albums,Playlist track
The Glory (feat. Ne-Yo),Jeezy,The Recession 2,Top Albums,Playlist track
Live and Die,Jeezy,The Recession 2,Top Albums,Playlist track
Praying Right,Jeezy,The Recession 2,Top Albums,Playlist track
Therapy for My Soul,Jeezy,The Recession 2,Top Albums,Playlist track
Almighty Black Dollar (feat. Rick Ross),Jeezy,The Recession 2,Top Albums,Playlist track
The Kingdom,Jeezy,The Recession 2,Top Albums,Playlist track
Breaking News Intro,NAV,Emergency Tsunami,Top Albums,Playlist track
Friends & Family,NAV,Emergency Tsunami,Top Albums,Playlist track
Young Wheezy,NAV & Gunna,Emergency Tsunami,Top Albums,Playlist track
Nasty,NAV,Emergency Tsunami,Top Albums,Playlist track
Repercussions,NAV & Young Thug,Emergency Tsunami,Top Albums,Playlist track
Vetement Socks,NAV,Emergency Tsunami,Top Albums,Playlist track
Don't Need Friends (feat. Lil Baby),NAV,Emergency Tsunami,Top Albums,Playlist track
Make It Right Back,NAV,Emergency Tsunami,Top Albums,Playlist track
Trains,NAV & Lil Keed,Emergency Tsunami,Top Albums,Playlist track
Do Ya Deed (feat. SahBabii),NAV,Emergency Tsunami,Top Albums,Playlist track
Droppin Tears,NAV,Emergency Tsunami,Top Albums,Playlist track
Modest,NAV,Emergency Tsunami,Top Albums,Playlist track
Turn & Twist,NAV,Emergency Tsunami,Top Albums,Playlist track
Breaking News Outro,NAV,Emergency Tsunami,Top Albums,Playlist track
Alexander Hamilton,"Leslie Odom, Jr., Anthony Ramos, Daveed Diggs, Okieriete Onaodowan, Lin-Manuel Miranda, Phillipa Soo, Christopher Jackson & Original Broadway Cast of ""Hamilton""",Hamilton: An American Musical (Original Broadway Cast Recording),Top Albums,Playlist track
"Aaron Burr, Sir","Lin-Manuel Miranda, Leslie Odom, Jr., Anthony Ramos, Daveed Diggs & Okieriete Onaodowan",Hamilton: An American Musical (Original Broadway Cast Recording),Top Albums,Playlist track
My Shot,"Lin-Manuel Miranda, Anthony Ramos, Daveed Diggs, Okieriete Onaodowan, Leslie Odom, Jr. & Original Broadway Cast of ""Hamilton""",Hamilton: An American Musical (Original Broadway Cast Recording),Top Albums,Playlist track
The Story of Tonight,"Lin-Manuel Miranda, Anthony Ramos, Okieriete Onaodowan, Daveed Diggs & Original Broadway Cast of ""Hamilton""",Hamilton: An American Musical (Original Broadway Cast Recording),Top Albums,Playlist track
The Schuyler Sisters,"Phillipa Soo, Jasmine Cephas-Jones, Leslie Odom, Jr., Original Broadway Cast of ""Hamilton"" & Renée Elise Goldsberry",Hamilton: An American Musical (Original Broadway Cast Recording),Top Albums,Playlist track
Farmer Refuted,"Thayne Jasperson, Lin-Manuel Miranda & Original Broadway Cast of ""Hamilton""",Hamilton: An American Musical (Original Broadway Cast Recording),Top Albums,Playlist track
You'll Be Back,"Jonathan Groff & Original Broadway Cast of ""Hamilton""",Hamilton: An American Musical (Original Broadway Cast Recording),Top Albums,Playlist track
Right Hand Man,"Christopher Jackson, Lin-Manuel Miranda, Leslie Odom, Jr. & Original Broadway Cast of ""Hamilton""",Hamilton: An American Musical (Original Broadway Cast Recording),Top Albums,Playlist track
A Winter's Ball,"Leslie Odom, Jr., Lin-Manuel Miranda & Original Broadway Cast of ""Hamilton""",Hamilton: An American Musical (Original Broadway Cast Recording),Top Albums,Playlist track
Helpless,"Phillipa Soo & Original Broadway Cast of ""Hamilton""",Hamilton: An American Musical (Original Broadway Cast Recording),Top Albums,Playlist track
Satisfied,"Original Broadway Cast of ""Hamilton"" & Renée Elise Goldsberry",Hamilton: An American Musical (Original Broadway Cast Recording),Top Albums,Playlist track
The Story of Tonight (Reprise),"Anthony Ramos, Okieriete Onaodowan, Daveed Diggs, Lin-Manuel Miranda & Leslie Odom, Jr.",Hamilton: An American Musical (Original Broadway Cast Recording),Top Albums,Playlist track
Wait For It,"Leslie Odom, Jr. & Original Broadway Cast of ""Hamilton""",Hamilton: An American Musical (Original Broadway Cast Recording),Top Albums,Playlist track
Stay Alive,"Original Broadway Cast of ""Hamilton""",Hamilton: An American Musical (Original Broadway Cast Recording),Top Albums,Playlist track
Ten Duel Commandments,"Anthony Ramos, Lin-Manuel Miranda, Jon Rua, Leslie Odom, Jr. & Original Broadway Cast of ""Hamilton""",Hamilton: An American Musical (Original Broadway Cast Recording),Top Albums,Playlist track
Meet Me Inside,"Lin-Manuel Miranda, Leslie Odom, Jr., Anthony Ramos, Christopher Jackson & Original Broadway Cast of ""Hamilton""",Hamilton: An American Musical (Original Broadway Cast Recording),Top Albums,Playlist track
That Would Be Enough,Lin-Manuel Miranda & Phillipa Soo,Hamilton: An American Musical (Original Broadway Cast Recording),Top Albums,Playlist track
Guns and Ships,"Leslie Odom, Jr., Daveed Diggs, Christopher Jackson & Original Broadway Cast of ""Hamilton""",Hamilton: An American Musical (Original Broadway Cast Recording),Top Albums,Playlist track
History Has Its Eyes On You,"Christopher Jackson, Lin-Manuel Miranda & Original Broadway Cast of ""Hamilton""",Hamilton: An American Musical (Original Broadway Cast Recording),Top Albums,Playlist track
Yorktown (The World Turned Upside Down),"Original Broadway Cast of ""Hamilton""",Hamilton: An American Musical (Original Broadway Cast Recording),Top Albums,Playlist track
What Comes Next?,Jonathan Groff,Hamilton: An American Musical (Original Broadway Cast Recording),Top Albums,Playlist track
Dear Theodosia,"Lin-Manuel Miranda & Leslie Odom, Jr.",Hamilton: An American Musical (Original Broadway Cast Recording),Top Albums,Playlist track
Non-Stop,"Leslie Odom, Jr., Lin-Manuel Miranda, Phillipa Soo, Christopher Jackson, Original Broadway Cast of ""Hamilton"" & Renée Elise Goldsberry",Hamilton: An American Musical (Original Broadway Cast Recording),Top Albums,Playlist track
What'd I Miss,"Daveed Diggs, Leslie Odom, Jr., Okieriete Onaodowan & Original Broadway Cast of ""Hamilton""",Hamilton: An American Musical (Original Broadway Cast Recording),Top Albums,Playlist track
Cabinet Battle #1,"Christopher Jackson, Daveed Diggs, Lin-Manuel Miranda & Okieriete Onaodowan",Hamilton: An American Musical (Original Broadway Cast Recording),Top Albums,Playlist track
Take a Break,"Phillipa Soo, Anthony Ramos, Lin-Manuel Miranda & Renée Elise Goldsberry",Hamilton: An American Musical (Original Broadway Cast Recording),Top Albums,Playlist track
Say No To This,"Jasmine Cephas-Jones, Leslie Odom, Jr., Lin-Manuel Miranda, Sydney James Harcourt & Original Broadway Cast of ""Hamilton""",Hamilton: An American Musical (Original Broadway Cast Recording),Top Albums,Playlist track
The Room Where It Happens,"Leslie Odom, Jr., Lin-Manuel Miranda, Daveed Diggs, Okieriete Onaodowan & Original Broadway Cast of ""Hamilton""",Hamilton: An American Musical (Original Broadway Cast Recording),Top Albums,Playlist track
Schuyler Defeated,"Anthony Ramos, Leslie Odom, Jr., Lin-Manuel Miranda & Phillipa Soo",Hamilton: An American Musical (Original Broadway Cast Recording),Top Albums,Playlist track
Cabinet Battle #2,"Christopher Jackson, Daveed Diggs, Lin-Manuel Miranda & Okieriete Onaodowan",Hamilton: An American Musical (Original Broadway Cast Recording),Top Albums,Playlist track
Washington On Your Side,"Daveed Diggs, Leslie Odom, Jr., Okieriete Onaodowan & Original Broadway Cast of ""Hamilton""",Hamilton: An American Musical (Original Broadway Cast Recording),Top Albums,Playlist track
One Last Time,"Christopher Jackson, Lin-Manuel Miranda & Original Broadway Cast of ""Hamilton""",Hamilton: An American Musical (Original Broadway Cast Recording),Top Albums,Playlist track
I Know Him,Jonathan Groff,Hamilton: An American Musical (Original Broadway Cast Recording),Top Albums,Playlist track
The Adams Administration,"Original Broadway Cast of ""Hamilton""",Hamilton: An American Musical (Original Broadway Cast Recording),Top Albums,Playlist track
We Know,"Lin-Manuel Miranda, Daveed Diggs, Leslie Odom, Jr. & Okieriete Onaodowan",Hamilton: An American Musical (Original Broadway Cast Recording),Top Albums,Playlist track
Hurricane,"Lin-Manuel Miranda & Original Broadway Cast of ""Hamilton""",Hamilton: An American Musical (Original Broadway Cast Recording),Top Albums,Playlist track
The Reynolds Pamphlet,"Original Broadway Cast of ""Hamilton""",Hamilton: An American Musical (Original Broadway Cast Recording),Top Albums,Playlist track
Burn,Phillipa Soo,Hamilton: An American Musical (Original Broadway Cast Recording),Top Albums,Playlist track
Blow Us All Away,"Anthony Ramos, Ariana DeBose, Sasha Hutchings, Ephraim Sykes, Lin-Manuel Miranda & Original Broadway Cast of ""Hamilton""",Hamilton: An American Musical (Original Broadway Cast Recording),Top Albums,Playlist track
Stay Alive (Reprise),"Lin-Manuel Miranda, Anthony Ramos, Phillipa Soo & Original Broadway Cast of ""Hamilton""",Hamilton: An American Musical (Original Broadway Cast Recording),Top Albums,Playlist track
It's Quiet Uptown,"Lin-Manuel Miranda, Phillipa Soo, Original Broadway Cast of ""Hamilton"" & Renée Elise Goldsberry",Hamilton: An American Musical (Original Broadway Cast Recording),Top Albums,Playlist track
The Election of 1800,"Daveed Diggs, Okieriete Onaodowan, Leslie Odom, Jr., Lin-Manuel Miranda & Original Broadway Cast of ""Hamilton""",Hamilton: An American Musical (Original Broadway Cast Recording),Top Albums,Playlist track
Your Obedient Servant,"Leslie Odom, Jr., Lin-Manuel Miranda & Original Broadway Cast of ""Hamilton""",Hamilton: An American Musical (Original Broadway Cast Recording),Top Albums,Playlist track
Best of Wives and Best of Women,Lin-Manuel Miranda & Phillipa Soo,Hamilton: An American Musical (Original Broadway Cast Recording),Top Albums,Playlist track
The World Was Wide Enough,"Leslie Odom, Jr., Lin-Manuel Miranda & Original Broadway Cast of ""Hamilton""",Hamilton: An American Musical (Original Broadway Cast Recording),Top Albums,Playlist track
"Who Lives, Who Dies, Who Tells Your Story","Original Broadway Cast of ""Hamilton""",Hamilton: An American Musical (Original Broadway Cast Recording),Top Albums,Playlist track
Birthplace,Moneybagg Yo & Blac Youngsta,Code Red,Top Albums,Playlist track
Super Hot,Moneybagg Yo & Blac Youngsta,Code Red,Top Albums,Playlist track
Said Sum,Moneybagg Yo,Code Red,Top Albums,Playlist track
Truth Be Told,Blac Youngsta,Code Red,Top Albums,Playlist track
New Chain (feat. Yo Gotti),Moneybagg Yo & Blac Youngsta,Code Red,Top Albums,Playlist track
Trickin Ass N***a,Moneybagg Yo & Blac Youngsta,Code Red,Top Albums,Playlist track
Brain Dead (feat. Ari),Moneybagg Yo,Code Red,Top Albums,Playlist track
Gun Smoke (feat. 42 Dugg),Blac Youngsta,Code Red,Top Albums,Playlist track
Blind,Moneybagg Yo & Blac Youngsta,Code Red,Top Albums,Playlist track
Demons,Moneybagg Yo & Blac Youngsta,Code Red,Top Albums,Playlist track
Said Sum (Remix) [feat. City Girls & DaBaby],Moneybagg Yo,Code Red,Top Albums,Playlist track
You Can See (feat. Lil Migo & Big Homiie G),Blac Youngsta,Code Red,Top Albums,Playlist track
SRT (feat. BIG30 & Pooh Shiesty),Moneybagg Yo,Code Red,Top Albums,Playlist track
Deep Pockets,Drake,Dark Lane Demo Tapes,Top Albums,Playlist track
When To Say When,Drake,Dark Lane Demo Tapes,Top Albums,Playlist track
Chicago Freestyle,Drake & GIVĒON,Dark Lane Demo Tapes,Top Albums,Playlist track
Not You Too (feat. Chris Brown),Drake,Dark Lane Demo Tapes,Top Albums,Playlist track
Toosie Slide,Drake,Dark Lane Demo Tapes,Top Albums,Playlist track
Desires (feat. Future),Drake,Dark Lane Demo Tapes,Top Albums,Playlist track
Time Flies,Drake,Dark Lane Demo Tapes,Top Albums,Playlist track
Landed,Drake,Dark Lane Demo Tapes,Top Albums,Playlist track
D4L,"Future, Drake & Young Thug",Dark Lane Demo Tapes,Top Albums,Playlist track
Pain 1993 (feat. Playboi Carti),Drake,Dark Lane Demo Tapes,Top Albums,Playlist track
Losses,Drake,Dark Lane Demo Tapes,Top Albums,Playlist track
From Florida With Love,Drake,Dark Lane Demo Tapes,Top Albums,Playlist track
Demons (feat. Fivio Foreign & Sosa Geek),Drake,Dark Lane Demo Tapes,Top Albums,Playlist track
War,Drake,Dark Lane Demo Tapes,Top Albums,Playlist track
Starting Over,Chris Stapleton,Starting Over,Top Albums,Playlist track
Devil Always Made Me Think Twice,Chris Stapleton,Starting Over,Top Albums,Playlist track
Cold,Chris Stapleton,Starting Over,Top Albums,Playlist track
When I'm With You,Chris Stapleton,Starting Over,Top Albums,Playlist track
Arkansas,Chris Stapleton,Starting Over,Top Albums,Playlist track
Joy of My Life,Chris Stapleton,Starting Over,Top Albums,Playlist track
Hillbilly Blood,Chris Stapleton,Starting Over,Top Albums,Playlist track
Maggie's Song,Chris Stapleton,Starting Over,Top Albums,Playlist track
Whiskey Sunrise,Chris Stapleton,Starting Over,Top Albums,Playlist track
Worry B Gone,Chris Stapleton,Starting Over,Top Albums,Playlist track
Old Friends,Chris Stapleton,Starting Over,Top Albums,Playlist track
Watch You Burn,Chris Stapleton,Starting Over,Top Albums,Playlist track
You Should Probably Leave,Chris Stapleton,Starting Over,Top Albums,Playlist track
"Nashville, TN",Chris Stapleton,Starting Over,Top Albums,Playlist track
Si Veo a Tu Mamá,Bad Bunny,YHLQMDLG,Top Albums,Playlist track
La Difícil,Bad Bunny,YHLQMDLG,Top Albums,Playlist track
Pero Ya No,Bad Bunny,YHLQMDLG,Top Albums,Playlist track
La Santa,Bad Bunny & Daddy Yankee,YHLQMDLG,Top Albums,Playlist track
Yo Perreo Sola,Bad Bunny,YHLQMDLG,Top Albums,Playlist track
Bichiyal,Bad Bunny & Yaviah,YHLQMDLG,Top Albums,Playlist track
Soliá,Bad Bunny,YHLQMDLG,Top Albums,Playlist track
La Zona,Bad Bunny,YHLQMDLG,Top Albums,Playlist track
Qué Malo,Bad Bunny & Ñengo Flow,YHLQMDLG,Top Albums,Playlist track
Vete,Bad Bunny,YHLQMDLG,Top Albums,Playlist track
Ignorantes,Bad Bunny & Sech,YHLQMDLG,Top Albums,Playlist track
A Tu Merced,Bad Bunny,YHLQMDLG,Top Albums,Playlist track
Una Vez,Bad Bunny & Mora,YHLQMDLG,Top Albums,Playlist track
Safaera,"Bad Bunny, Jowell & Randy & Ñengo Flow",YHLQMDLG,Top Albums,Playlist track
25/8,Bad Bunny,YHLQMDLG,Top Albums,Playlist track
Está C****n Ser Yo,Bad Bunny & Anuel AA,YHLQMDLG,Top Albums,Playlist track
Puesto Pa' Guerrial,Bad Bunny & Myke Towers,YHLQMDLG,Top Albums,Playlist track
P FKN R,"Bad Bunny, Kendo Kaponi & Arcángel",YHLQMDLG,Top Albums,Playlist track
Hablamos Mañana,"Bad Bunny, Duki & Pablo Chill-E",YHLQMDLG,Top Albums,Playlist track
<3,Bad Bunny,YHLQMDLG,Top Albums,Playlist track
Golden,Harry Styles,Fine Line,Top Albums,Playlist track
Watermelon Sugar,Harry Styles,Fine Line,Top Albums,Playlist track
Adore You,Harry Styles,Fine Line,Top Albums,Playlist track
Lights Up,Harry Styles,Fine Line,Top Albums,Playlist track
Cherry,Harry Styles,Fine Line,Top Albums,Playlist track
Falling,Harry Styles,Fine Line,Top Albums,Playlist track
To Be So Lonely,Harry Styles,Fine Line,Top Albums,Playlist track
She,Harry Styles,Fine Line,Top Albums,Playlist track
"Sunflower, Vol. 6",Harry Styles,Fine Line,Top Albums,Playlist track
Canyon Moon,Harry Styles,Fine Line,Top Albums,Playlist track
Treat People With Kindness,Harry Styles,Fine Line,Top Albums,Playlist track
Fine Line,Harry Styles,Fine Line,Top Albums,Playlist track
We Know the Truth (feat. Icewear Vezzo & ALLBLACK),Drakeo the Ruler,We Know the Truth,Top Albums,Playlist track
20 Pieces,Drakeo the Ruler,We Know the Truth,Top Albums,Playlist track
Too Famous,Drakeo the Ruler,We Know the Truth,Top Albums,Playlist track
Fullys for Bullies (feat. Lil Mosey & Ralfy the Plug),Drakeo the Ruler,We Know the Truth,Top Albums,Playlist track
Punk Rock Bitch,Drakeo the Ruler,We Know the Truth,Top Albums,Playlist track
Fights Don't Matter,Drakeo the Ruler,We Know the Truth,Top Albums,Playlist track
Energy (feat. Tee Grizzley),Drakeo the Ruler,We Know the Truth,Top Albums,Playlist track
Lil Boosie (feat. Stupid Young),Drakeo the Ruler,We Know the Truth,Top Albums,Playlist track
Hundiddy,Drakeo the Ruler,We Know the Truth,Top Albums,Playlist track
In My Rear (feat. Da Boii),Drakeo the Ruler,We Know the Truth,Top Albums,Playlist track
Big Dogg (feat. Ralfy the Plug & Ketchy the Great),Drakeo the Ruler,We Know the Truth,Top Albums,Playlist track
Who Am I (feat. Desto Dubb & Rich the Kid),Drakeo the Ruler,We Know the Truth,Top Albums,Playlist track
Captions,Drakeo the Ruler,We Know the Truth,Top Albums,Playlist track
Friday,Drakeo the Ruler,We Know the Truth,Top Albums,Playlist track
Mardi Gras,Drakeo the Ruler,We Know the Truth,Top Albums,Playlist track
Mr. Mosely Claps Back,Drakeo the Ruler,We Know the Truth,Top Albums,Playlist track
"John Madden (feat. RMC Mike, Rio Da Yung OG, Lil Yachty & Ralfy the Plug)",Drakeo the Ruler,We Know the Truth,Top Albums,Playlist track
Polar Bear,Drakeo the Ruler,We Know the Truth,Top Albums,Playlist track
It's Beginning To Look a Lot Like Christmas,Michael Bublé,Christmas,Top Albums,Playlist track
Santa Claus Is Coming To Town,Michael Bublé,Christmas,Top Albums,Playlist track
Jingle Bells (feat. The Puppini Sisters),Michael Bublé,Christmas,Top Albums,Playlist track
White Christmas (Duet With Shania Twain),Michael Bublé,Christmas,Top Albums,Playlist track
All I Want For Christmas Is You,Michael Bublé,Christmas,Top Albums,Playlist track
Holly Jolly Christmas,Michael Bublé,Christmas,Top Albums,Playlist track
Santa Baby,Michael Bublé,Christmas,Top Albums,Playlist track
Have Yourself a Merry Little Christmas,Michael Bublé,Christmas,Top Albums,Playlist track
Christmas (Baby Please Come Home),Michael Bublé,Christmas,Top Albums,Playlist track
Silent Night,Michael Bublé,Christmas,Top Albums,Playlist track
Blue Christmas,Michael Bublé,Christmas,Top Albums,Playlist track
Cold December Night,Michael Bublé,Christmas,Top Albums,Playlist track
I'll Be Home For Christmas,Michael Bublé,Christmas,Top Albums,Playlist track
Ave Maria,Michael Bublé,Christmas,Top Albums,Playlist track
Mis Deseos/Feliz Navidad (Duet With Thalia),Michael Bublé,Christmas,Top Albums,Playlist track
Michael's Christmas Greeting,Michael Bublé,Christmas,Top Albums,Playlist track
Over It,Summer Walker,Over It,Top Albums,Playlist track
Body,Summer Walker,Over It,Top Albums,Playlist track
Playing Games (Extended Version),Summer Walker & Bryson Tiller,Over It,Top Albums,Playlist track
Drunk Dialing...LODT,Summer Walker,Over It,Top Albums,Playlist track
Come Thru,Summer Walker & Usher,Over It,Top Albums,Playlist track
Potential,Summer Walker,Over It,Top Albums,Playlist track
Fun Girl,Summer Walker,Over It,Top Albums,Playlist track
Tonight,Summer Walker,Over It,Top Albums,Playlist track
Me,Summer Walker,Over It,Top Albums,Playlist track
Like It,Summer Walker & 6LACK,Over It,Top Albums,Playlist track
Just Might,Summer Walker & PARTYNEXTDOOR,Over It,Top Albums,Playlist track
Stretch You Out (feat. A Boogie wit da Hoodie),Summer Walker,Over It,Top Albums,Playlist track
Off of You,Summer Walker,Over It,Top Albums,Playlist track
Anna Mae,Summer Walker,Over It,Top Albums,Playlist track
I'll Kill You (feat. Jhené Aiko),Summer Walker,Over It,Top Albums,Playlist track
Nobody Else,Summer Walker,Over It,Top Albums,Playlist track
Playing Games,Summer Walker,Over It,Top Albums,Playlist track
Girls Need Love (Remix),Summer Walker & Drake,Over It,Top Albums,Playlist track
Mrs. Clean,Aminé,Limbo (Deluxe),Top Albums,Playlist track
Zack & Cody (feat. Valee),Aminé,Limbo (Deluxe),Top Albums,Playlist track
Gelato,Aminé,Limbo (Deluxe),Top Albums,Playlist track
Talk (feat. Saba),Aminé,Limbo (Deluxe),Top Albums,Playlist track
Chicken (feat. Toosii),Aminé,Limbo (Deluxe),Top Albums,Playlist track
Buzzin,Aminé & Unknown Mortal Orchestra,Limbo (Deluxe),Top Albums,Playlist track
Solid,Aminé,Limbo (Deluxe),Top Albums,Playlist track
Burden,Aminé,Limbo (Deluxe),Top Albums,Playlist track
Woodlawn,Aminé,Limbo (Deluxe),Top Albums,Playlist track
Kobe,Aminé,Limbo (Deluxe),Top Albums,Playlist track
Roots (feat. JID & Charlie Wilson),Aminé,Limbo (Deluxe),Top Albums,Playlist track
Can’t Decide,Aminé,Limbo (Deluxe),Top Albums,Playlist track
Compensating (feat. Young Thug),Aminé,Limbo (Deluxe),Top Albums,Playlist track
Shimmy,Aminé,Limbo (Deluxe),Top Albums,Playlist track
Pressure In My Palms (feat. slowthai & Vince Staples),Aminé,Limbo (Deluxe),Top Albums,Playlist track
Riri,Aminé,Limbo (Deluxe),Top Albums,Playlist track
Easy (feat. Summer Walker),Aminé,Limbo (Deluxe),Top Albums,Playlist track
Mama,Aminé,Limbo (Deluxe),Top Albums,Playlist track
Becky,Aminé,Limbo (Deluxe),Top Albums,Playlist track
Fetus (feat. Injury Reserve),Aminé,Limbo (Deluxe),Top Albums,Playlist track
My Reality,Aminé,Limbo (Deluxe),Top Albums,Playlist track
Woodlawn,Aminé,Limbo (Deluxe),Top Albums,Playlist track
Compensating (feat. Young Thug),Aminé,Limbo (Deluxe),Top Albums,Playlist track
Shimmy,Aminé,Limbo (Deluxe),Top Albums,Playlist track
Riri,Aminé,Limbo (Deluxe),Top Albums,Playlist track
Supermodel,SZA,Ctrl,Top Albums,Playlist track
Love Galore (feat. Travis Scott),SZA,Ctrl,Top Albums,Playlist track
Doves In the Wind (feat. Kendrick Lamar),SZA,Ctrl,Top Albums,Playlist track
Drew Barrymore,SZA,Ctrl,Top Albums,Playlist track
Prom,SZA,Ctrl,Top Albums,Playlist track
The Weekend,SZA,Ctrl,Top Albums,Playlist track
Go Gina,SZA,Ctrl,Top Albums,Playlist track
Garden (Say It Like Dat),SZA,Ctrl,Top Albums,Playlist track
Broken Clocks,SZA,Ctrl,Top Albums,Playlist track
Anything,SZA,Ctrl,Top Albums,Playlist track
Wavy (Interlude) [feat. James Fauntleroy],SZA,Ctrl,Top Albums,Playlist track
Normal Girl,SZA,Ctrl,Top Albums,Playlist track
Pretty Little Birds (feat. Isaiah Rashad),SZA,Ctrl,Top Albums,Playlist track
20 Something,SZA,Ctrl,Top Albums,Playlist track
Years Go By,Bryson Tiller,A N N I V E R S A R Y,Top Albums,Playlist track
Always Forever,Bryson Tiller,A N N I V E R S A R Y,Top Albums,Playlist track
I'm Ready For You,Bryson Tiller,A N N I V E R S A R Y,Top Albums,Playlist track
Things Change,Bryson Tiller,A N N I V E R S A R Y,Top Albums,Playlist track
Timeless Interlude,Bryson Tiller,A N N I V E R S A R Y,Top Albums,Playlist track
Sorrows,Bryson Tiller,A N N I V E R S A R Y,Top Albums,Playlist track
Inhale,Bryson Tiller,A N N I V E R S A R Y,Top Albums,Playlist track
Outta Time (feat. Drake),Bryson Tiller,A N N I V E R S A R Y,Top Albums,Playlist track
Keep Doing What You're Doing,Bryson Tiller,A N N I V E R S A R Y,Top Albums,Playlist track
Next To You,Bryson Tiller,A N N I V E R S A R Y,Top Albums,Playlist track
Welcome To 4 Vegas,Stunna 4 Vegas,Welcome To 4 Vegas,Top Albums,Playlist track
Hard,Stunna 4 Vegas,Welcome To 4 Vegas,Top Albums,Playlist track
Choppa Town,Stunna 4 Vegas,Welcome To 4 Vegas,Top Albums,Playlist track
4 The Trill,Stunna 4 Vegas,Welcome To 4 Vegas,Top Albums,Playlist track
Gangsta Party,Stunna 4 Vegas,Welcome To 4 Vegas,Top Albums,Playlist track
Drake,Stunna 4 Vegas,Welcome To 4 Vegas,Top Albums,Playlist track
Gun Smoke,Stunna 4 Vegas,Welcome To 4 Vegas,Top Albums,Playlist track
Rich Off Words (feat. DaBaby),Stunna 4 Vegas,Welcome To 4 Vegas,Top Albums,Playlist track
Play U Lay (feat. Ola Runt),Stunna 4 Vegas,Welcome To 4 Vegas,Top Albums,Playlist track
Covid-19,Stunna 4 Vegas,Welcome To 4 Vegas,Top Albums,Playlist track
Go Dumb,Stunna 4 Vegas,Welcome To 4 Vegas,Top Albums,Playlist track
GTA,Stunna 4 Vegas,Welcome To 4 Vegas,Top Albums,Playlist track
Murda (feat. Toosii),Stunna 4 Vegas & Murda Beatz,Welcome To 4 Vegas,Top Albums,Playlist track
the 1,Taylor Swift,folklore,Top Albums,Playlist track
cardigan,Taylor Swift,folklore,Top Albums,Playlist track
the last great american dynasty,Taylor Swift,folklore,Top Albums,Playlist track
exile (feat. Bon Iver),Taylor Swift,folklore,Top Albums,Playlist track
my tears ricochet,Taylor Swift,folklore,Top Albums,Playlist track
mirrorball,Taylor Swift,folklore,Top Albums,Playlist track
seven,Taylor Swift,folklore,Top Albums,Playlist track
august,Taylor Swift,folklore,Top Albums,Playlist track
this is me trying,Taylor Swift,folklore,Top Albums,Playlist track
illicit affairs,Taylor Swift,folklore,Top Albums,Playlist track
invisible string,Taylor Swift,folklore,Top Albums,Playlist track
mad woman,Taylor Swift,folklore,Top Albums,Playlist track
epiphany,Taylor Swift,folklore,Top Albums,Playlist track
betty,Taylor Swift,folklore,Top Albums,Playlist track
peace,Taylor Swift,folklore,Top Albums,Playlist track
hoax,Taylor Swift,folklore,Top Albums,Playlist track
